trustLevel,totalScanTimeInSeconds,grandTotal,lineItemVoids,scansWithoutRegistration,quantityModifications,scannedLineItemsPerSecond,valuePerSecond,lineItemVoidsPerPosition,fraud
5,1054,54.7,7,0,3,0.0275142314990512,0.0518975332068311,0.241379310344828,0
3,108,27.36,5,2,4,0.12962962962963,0.253333333333333,0.357142857142857,0
3,1516,62.16,3,10,5,0.00857519788918206,0.0410026385224274,0.230769230769231,0
6,1791,92.31,8,4,4,0.0161920714684534,0.0515410385259632,0.275862068965517,0
5,430,81.53,3,7,2,0.0627906976744186,0.189604651162791,0.111111111111111,0
1,770,11.09,11,5,2,0.0337662337662338,0.0144025974025974,0.423076923076923,1
3,294,55.63,2,7,1,0.0374149659863946,0.18921768707483,0.181818181818182,0
2,1545,22.8,0,8,4,0.00647249190938511,0.0147572815533981,0,0
6,962,65.44,7,0,2,0.0280665280665281,0.068024948024948,0.259259259259259,0
2,725,41.08,10,2,4,0.0372413793103448,0.0566620689655172,0.37037037037037,0
5,1533,84.73,4,2,4,0.0104370515329419,0.0552707110241357,0.25,0
4,764,28.98,8,0,0,0.0261780104712042,0.0379319371727749,0.4,0
4,1736,5.46,4,10,4,0.00576036866359447,0.00314516129032258,0.4,0
4,1705,16.96,7,4,4,0.0158357771260997,0.00994721407624633,0.259259259259259,0
6,1659,52.53,2,1,4,0.0126582278481013,0.0316636528028933,0.0952380952380952,0
1,870,32.45,3,1,5,0.00689655172413793,0.0372988505747126,0.5,0
3,1295,42.9,11,10,0,0.016988416988417,0.0331274131274131,0.5,0
6,590,79.84,6,10,4,0.0406779661016949,0.135322033898305,0.25,0
3,139,59,8,5,5,0.0287769784172662,0.424460431654676,2,0
3,1724,25.4,7,4,3,0.0110208816705336,0.0147331786542923,0.368421052631579,0
3,1691,59.61,1,2,2,0.00887049083382614,0.0352513305736251,0.0666666666666667,0
4,1505,2.7,6,4,0,0.00332225913621262,0.00179401993355482,1.2,0
4,934,98.54,0,5,2,0.00856531049250535,0.105503211991435,0,0
2,125,25.5,5,6,2,0.192,0.204,0.208333333333333,0
1,71,78.91,1,4,4,0.0140845070422535,1.11140845070423,1,0
5,816,81.54,8,7,1,0.0110294117647059,0.0999264705882353,0.888888888888889,0
3,1503,23,10,3,1,0.019294743845642,0.0153027278775782,0.344827586206897,0
4,329,56.65,10,2,5,0.0638297872340425,0.172188449848024,0.476190476190476,0
6,1629,40.42,6,7,4,0.0135052179251074,0.0248127685696746,0.272727272727273,0
5,1435,91.96,4,3,3,0.0132404181184669,0.0640836236933798,0.210526315789474,0
6,314,48.54,6,1,1,0.0764331210191083,0.154585987261147,0.25,0
5,285,6.23,5,6,2,0.105263157894737,0.021859649122807,0.166666666666667,0
5,891,78.96,2,10,2,0.0280583613916947,0.0886195286195286,0.08,0
2,1355,48.87,2,0,4,0.00516605166051661,0.0360664206642066,0.285714285714286,0
2,866,39.38,10,9,1,0.0046189376443418,0.045473441108545,2.5,0
2,335,14.4,0,9,5,0.0149253731343284,0.0429850746268657,0,0
5,834,80.64,0,10,3,0.0155875299760192,0.0966906474820144,0,0
2,1397,62.59,7,9,4,0.0178954903364352,0.0448031496062992,0.28,1
5,1561,91.75,7,6,2,0.0121716848174247,0.0587764253683536,0.368421052631579,0
4,847,22.88,4,5,2,0.0106257378984652,0.027012987012987,0.444444444444444,0
1,1520,41.88,6,8,2,0.00131578947368421,0.0275526315789474,3,0
2,622,60.75,11,5,4,0.0128617363344051,0.0976688102893891,1.375,0
4,1012,59.9,2,3,2,0.0148221343873518,0.0591897233201581,0.133333333333333,0
2,1451,23.1,3,9,3,0.00137835975189524,0.0159200551343901,1.5,0
2,401,80.86,0,1,0,0.0199501246882793,0.201645885286783,0,0
6,960,93.09,7,2,3,0.0104166666666667,0.09696875,0.7,0
6,1433,72.19,7,7,0,0.0174459176552687,0.0503768318213538,0.28,0
6,1424,66.9,9,8,3,0.0175561797752809,0.0469803370786517,0.36,0
6,1820,54.64,0,0,1,0.00714285714285714,0.030021978021978,0,0
1,16,32.29,2,0,5,1.5,2.018125,0.0833333333333333,0
4,617,90.73,0,0,5,0.00162074554294976,0.147050243111831,0,0
3,1593,25.53,2,2,2,0.0175768989328311,0.0160263653483992,0.0714285714285714,0
1,608,85.05,3,5,2,0.0131578947368421,0.139884868421053,0.375,0
1,1385,34.68,5,8,4,0.0194945848375451,0.0250397111913357,0.185185185185185,1
3,983,14.07,2,4,0,0.0193285859613428,0.0143133265513733,0.105263157894737,0
1,768,7.24,4,10,3,0.0143229166666667,0.00942708333333333,0.363636363636364,0
1,1474,60.64,9,0,5,0.0128900949796472,0.0411397557666214,0.473684210526316,0
6,692,21.65,7,7,5,0.0216763005780347,0.0312861271676301,0.466666666666667,0
2,351,50.75,1,7,0,0.0455840455840456,0.144586894586895,0.0625,0
1,107,39.55,1,6,4,0.252336448598131,0.369626168224299,0.037037037037037,0
5,1237,48.22,7,2,3,0.00808407437348424,0.038981406628941,0.7,0
2,1450,62.63,5,9,3,0.0103448275862069,0.0431931034482759,0.333333333333333,0
5,508,57.9,2,7,0,0.0275590551181102,0.113976377952756,0.142857142857143,0
1,1748,26.31,0,9,1,0.0085812356979405,0.0150514874141876,0,0
6,1000,61.24,7,3,0,0.009,0.06124,0.777777777777778,0
1,1123,28.94,1,0,5,0.0133570792520036,0.0257702582368655,0.0666666666666667,0
1,232,18.27,9,5,2,0.00862068965517241,0.07875,4.5,0
2,1327,7.02,7,1,5,0.0188394875659382,0.00529012810851545,0.28,0
6,449,21,5,4,2,0.0022271714922049,0.0467706013363029,5,0
4,1228,3.17,7,4,4,0.0244299674267101,0.0025814332247557,0.233333333333333,0
1,861,31.34,11,3,0,0.0232288037166086,0.0363995354239257,0.55,0
5,70,40.04,1,1,4,0.4,0.572,0.0357142857142857,0
6,1154,57.64,7,10,4,0.0173310225303293,0.049948006932409,0.35,0
3,1393,99.58,1,8,0,0.0136396267049533,0.0714860014357502,0.0526315789473684,0
2,1068,23.64,4,0,1,0.0131086142322097,0.0221348314606742,0.285714285714286,0
6,300,93.04,4,4,3,0.0333333333333333,0.310133333333333,0.4,0
2,250,33.95,11,10,3,0.056,0.1358,0.785714285714286,0
4,1411,49.25,2,8,4,0.00283486888731396,0.0349043231750532,0.5,0
4,1279,89.11,0,0,3,0.0109460516028147,0.0696716184519156,0,0
3,1771,2.51,3,1,4,0.00508187464709204,0.00141727837380011,0.333333333333333,0
3,1642,6.25,7,8,2,0.0048721071863581,0.00380633373934227,0.875,0
3,1018,27.26,1,9,0,0.0235756385068762,0.0267779960707269,0.0416666666666667,0
3,44,78.64,1,10,1,0.0909090909090909,1.78727272727273,0.25,0
3,550,84.57,6,0,3,0.04,0.153763636363636,0.272727272727273,0
2,109,24.32,10,0,5,0.100917431192661,0.223119266055046,0.909090909090909,0
3,1660,12.58,6,5,1,0.00903614457831325,0.00757831325301205,0.4,0
2,1078,58.61,9,10,3,0.00742115027829314,0.0543692022263451,1.125,0
2,1464,58.21,8,3,0,0.0177595628415301,0.0397609289617486,0.307692307692308,0
5,1228,85.93,11,0,1,0.0162866449511401,0.0699755700325733,0.55,0
6,1790,70.66,5,1,0,0.00726256983240223,0.0394748603351955,0.384615384615385,0
5,1052,67.09,6,2,4,0.0180608365019011,0.0637737642585551,0.315789473684211,0
1,996,71.94,7,0,1,0.0271084337349398,0.0722289156626506,0.259259259259259,1
2,1515,7.69,11,4,1,0.0138613861386139,0.00507590759075908,0.523809523809524,0
6,1245,22.06,4,7,4,0.00803212851405622,0.017718875502008,0.4,0
2,952,0.58,8,5,0,0.0168067226890756,0.000609243697478992,0.5,0
5,1570,47.79,4,10,5,0.00127388535031847,0.0304394904458599,2,0
3,1599,36.79,9,5,3,0.0100062539086929,0.0230081300813008,0.5625,0
2,1305,87.65,7,8,4,0.021455938697318,0.0671647509578544,0.25,1
6,122,14.32,1,5,5,0.114754098360656,0.117377049180328,0.0714285714285714,0
6,861,97.36,6,9,5,0.00929152148664344,0.113077816492451,0.75,0
6,1577,78.41,4,6,1,0.0145846544071021,0.049720989220038,0.173913043478261,0
4,597,45.98,0,4,4,0.0284757118927973,0.0770184254606365,0,0
1,1319,37.1,7,7,0,0.0144048521607278,0.0281273692191054,0.368421052631579,0
1,1335,38.95,5,1,3,0.0142322097378277,0.0291760299625468,0.263157894736842,0
6,894,77.5,6,6,4,0.0111856823266219,0.0866890380313199,0.6,0
5,533,0.28,6,0,2,0.00375234521575985,0.000525328330206379,3,0
3,1636,70.4,8,9,4,0.00916870415647922,0.0430317848410758,0.533333333333333,0
3,185,98.96,4,2,1,0.145945945945946,0.534918918918919,0.148148148148148,0
4,113,23.38,11,10,0,0.15929203539823,0.206902654867257,0.611111111111111,0
4,1814,52.98,3,7,4,0.0071664829106946,0.0292061742006615,0.230769230769231,0
4,477,1.36,10,1,1,0.0440251572327044,0.00285115303983229,0.476190476190476,0
6,1123,33.03,10,6,3,0.00534283170080142,0.0294122885129118,1.66666666666667,0
2,1278,98.78,2,3,1,0.00625978090766823,0.0772926447574335,0.25,0
3,1171,90.98,8,1,0,0.013663535439795,0.0776942783945346,0.5,0
4,1175,77.42,0,5,3,0.0119148936170213,0.0658893617021277,0,0
2,1094,91.26,9,0,3,0.00639853747714808,0.083418647166362,1.28571428571429,0
1,990,19.42,1,7,3,0.0202020202020202,0.0196161616161616,0.05,0
5,37,62.17,9,4,4,0.783783783783784,1.68027027027027,0.310344827586207,0
5,356,68.03,5,3,5,0.0196629213483146,0.191095505617978,0.714285714285714,0
6,493,86.24,6,0,3,0.0365111561866126,0.174929006085193,0.333333333333333,0
3,654,85.68,4,10,3,0.00152905198776758,0.131009174311927,4,0
2,509,85.16,1,5,3,0.031434184675835,0.167308447937132,0.0625,0
4,580,89.67,3,7,1,0.0293103448275862,0.154603448275862,0.176470588235294,0
3,435,9.79,2,5,4,0.0528735632183908,0.0225057471264368,0.0869565217391304,0
3,770,58.93,8,0,1,0.0298701298701299,0.0765324675324675,0.347826086956522,0
5,1786,69.83,6,8,3,0.00111982082866741,0.0390985442329227,3,0
1,485,17.63,10,3,5,0.0515463917525773,0.0363505154639175,0.4,1
5,690,58.35,8,7,3,0.00144927536231884,0.0845652173913043,8,0
6,1059,13.5,6,9,2,0.0236071765816808,0.0127478753541076,0.24,0
4,420,89.92,2,2,3,0.0523809523809524,0.214095238095238,0.0909090909090909,0
3,1488,53.87,7,9,1,0.0174731182795699,0.0362029569892473,0.269230769230769,0
5,827,40.5,3,3,4,0.0241837968561064,0.0489721886336155,0.15,0
2,669,13.58,6,7,1,0.00298953662182362,0.0202989536621824,3,0
4,270,78.69,3,0,3,0.0925925925925926,0.291444444444444,0.12,0
4,466,48.17,8,0,0,0.0622317596566524,0.103369098712446,0.275862068965517,0
2,959,11.63,6,10,0,0.0260688216892596,0.0121272158498436,0.24,0
2,282,70.79,4,8,4,0.024822695035461,0.251028368794326,0.571428571428571,0
3,304,12.09,2,8,0,0.0296052631578947,0.0397697368421053,0.222222222222222,0
3,1237,96.4,3,1,3,0.00565885206143896,0.077930476960388,0.428571428571429,0
3,1152,91.91,10,8,5,0.00173611111111111,0.0797829861111111,5,0
5,78,92.86,5,1,5,0.384615384615385,1.19051282051282,0.166666666666667,0
5,726,12.28,2,5,4,0.012396694214876,0.0169146005509642,0.222222222222222,0
2,414,98.72,0,5,1,0.0314009661835749,0.238454106280193,0,0
1,898,2.64,9,3,5,0.0334075723830735,0.00293986636971047,0.3,1
1,788,80.87,0,8,3,0.0101522842639594,0.102626903553299,0,0
1,1312,51.43,7,1,1,0.00762195121951219,0.0391996951219512,0.7,0
5,106,81.05,2,3,3,0.0471698113207547,0.764622641509434,0.4,0
4,921,3.39,3,4,2,0.00217155266015201,0.00368078175895765,1.5,0
1,299,42.06,9,8,3,0.0301003344481605,0.14066889632107,1,0
2,1755,8.32,2,0,4,0.00512820512820513,0.00474074074074074,0.222222222222222,0
5,798,42.57,11,6,4,0.0350877192982456,0.0533458646616541,0.392857142857143,0
1,383,37.25,2,10,2,0.0704960835509138,0.0972584856396867,0.0740740740740741,1
2,530,37.36,1,3,3,0.0490566037735849,0.0704905660377358,0.0384615384615385,0
5,1300,22.86,3,7,3,0.01,0.0175846153846154,0.230769230769231,0
4,1419,58.79,7,9,1,0.00634249471458774,0.041430584918957,0.777777777777778,0
3,1741,11.94,7,3,5,0.0166570936243538,0.00685812751292361,0.241379310344828,0
1,1035,61.75,8,0,0,0.00289855072463768,0.0596618357487923,2.66666666666667,0
1,818,88.58,7,8,3,0.0220048899755501,0.108288508557457,0.388888888888889,0
5,756,8.12,1,1,1,0.00132275132275132,0.0107407407407407,1,0
2,735,89.47,8,9,3,0.0353741496598639,0.121727891156463,0.307692307692308,0
5,1262,81.87,4,1,0,0.0206022187004754,0.0648732171156894,0.153846153846154,0
1,1096,97.39,1,4,1,0.0118613138686131,0.0888594890510949,0.0769230769230769,0
4,767,9.18,8,8,3,0.0247718383311604,0.0119687092568449,0.421052631578947,0
6,1668,73.58,1,5,3,0.012589928057554,0.0441127098321343,0.0476190476190476,0
6,488,38.44,8,1,2,0.0471311475409836,0.0787704918032787,0.347826086956522,0
3,1424,39.11,3,10,5,0.00842696629213483,0.0274648876404494,0.25,0
3,1518,81.03,8,4,2,0.00197628458498024,0.0533794466403162,2.66666666666667,0
2,569,32.98,4,4,0,0.0492091388400703,0.0579613356766257,0.142857142857143,0
3,1504,98.66,7,4,0,0.0152925531914894,0.0655984042553191,0.304347826086957,0
3,1059,36.28,0,6,4,0.00188857412653447,0.0342587346553352,0,0
4,81,51.58,9,3,5,0.185185185185185,0.63679012345679,0.6,0
4,1235,40.55,9,2,5,0.000809716599190283,0.032834008097166,9,0
2,297,91.67,5,6,4,0.0841750841750842,0.308653198653199,0.2,0
6,2,75.74,6,1,1,4,37.87,0.75,0
2,576,91.74,3,4,3,0.0190972222222222,0.159270833333333,0.272727272727273,0
5,1145,85.1,2,9,0,0.0183406113537118,0.0743231441048035,0.0952380952380952,0
5,1138,78.7,3,5,0,0.0184534270650264,0.0691564147627417,0.142857142857143,0
1,1075,31.95,3,8,0,0.0213953488372093,0.0297209302325581,0.130434782608696,1
1,1382,36.76,5,7,1,0.0166425470332851,0.0265991316931983,0.217391304347826,1
3,876,42.68,9,0,2,0.0125570776255708,0.0487214611872146,0.818181818181818,0
1,219,89.69,3,5,5,0.114155251141553,0.409543378995434,0.12,0
5,1439,36.09,3,5,5,0.00625434329395414,0.0250799166087561,0.333333333333333,0
2,1818,79.15,6,4,0,0.0011001100110011,0.0435368536853685,3,0
1,218,41.93,4,7,2,0.0963302752293578,0.192339449541284,0.19047619047619,0
5,793,10.3,8,5,1,0.0201765447667087,0.0129886506935687,0.5,0
4,1437,92.55,11,6,5,0.0146137787056367,0.0644050104384134,0.523809523809524,0
2,542,22.4,0,1,5,0.003690036900369,0.0413284132841328,0,0
6,1559,68.32,11,8,5,0.0153944836433611,0.0438229634381014,0.458333333333333,0
6,671,0.7,4,5,3,0.029806259314456,0.00104321907600596,0.2,0
5,641,79.14,1,6,1,0.0436817472698908,0.123463338533541,0.0357142857142857,0
2,277,76.34,5,10,0,0.0252707581227437,0.275595667870036,0.714285714285714,0
5,1719,94.59,1,6,3,0.00814426992437464,0.0550261780104712,0.0714285714285714,0
2,249,77.28,9,3,4,0.0441767068273092,0.310361445783133,0.818181818181818,0
2,1803,7.51,6,2,0,0.00610094287298946,0.00416528008874099,0.545454545454545,0
5,165,79.75,2,7,4,0.0363636363636364,0.483333333333333,0.333333333333333,0
5,1726,7.75,2,5,3,0.00405561993047509,0.0044901506373117,0.285714285714286,0
2,1767,25.97,7,5,1,0.00905489530277306,0.0146972269383135,0.4375,0
1,310,65.47,5,5,2,0.0516129032258065,0.211193548387097,0.3125,0
4,1320,77.93,4,6,1,0.0174242424242424,0.0590378787878788,0.173913043478261,0
2,796,3.76,1,2,0,0.0314070351758794,0.00472361809045226,0.04,0
5,1559,61.66,7,5,2,0.00384862091084028,0.0395509942270686,1.16666666666667,0
2,373,28.95,5,2,4,0.0670241286863271,0.0776139410187668,0.2,0
4,1221,93.06,2,2,0,0.0106470106470106,0.0762162162162162,0.153846153846154,0
3,460,50.97,9,9,4,0.00434782608695652,0.110804347826087,4.5,0
5,1024,66.64,1,3,0,0.0087890625,0.065078125,0.111111111111111,0
1,1054,75.58,11,5,4,0.0208728652751423,0.071707779886148,0.5,1
1,198,49.24,1,1,4,0.0303030303030303,0.248686868686869,0.166666666666667,0
1,524,38.78,11,3,3,0.0400763358778626,0.0740076335877863,0.523809523809524,0
6,172,58.21,8,7,5,0.0697674418604651,0.33843023255814,0.666666666666667,0
5,1049,77.81,2,7,0,0.00571973307912297,0.0741754051477598,0.333333333333333,0
6,1603,47.86,9,9,3,0.000623830318153462,0.0298565190268247,9,0
4,1718,43.52,3,6,0,0.0116414435389988,0.0253317811408615,0.15,0
4,813,59.43,8,9,2,0.018450184501845,0.07309963099631,0.533333333333333,0
5,1399,61.58,5,10,5,0.0114367405289492,0.0440171551107934,0.3125,0
5,1151,97.79,6,8,1,0.0147697654213727,0.0849609035621199,0.352941176470588,0
1,909,64.11,8,0,3,0.0055005500550055,0.0705280528052805,1.6,0
1,704,23.16,2,8,3,0.0426136363636364,0.0328977272727273,0.0666666666666667,1
2,1530,8.91,4,3,3,0.0130718954248366,0.00582352941176471,0.2,0
3,13,25.19,10,5,1,1.46153846153846,1.93769230769231,0.526315789473684,0
1,636,38.87,8,0,4,0.0283018867924528,0.0611163522012579,0.444444444444444,0
6,1434,17.25,0,8,0,0.0160390516039052,0.0120292887029289,0,0
2,1459,77.21,4,1,2,0.0178204249485949,0.0529198080877313,0.153846153846154,0
5,1123,58.9,8,9,1,0.0213713268032057,0.0524487978628673,0.333333333333333,0
6,1100,26.82,8,0,2,0.0254545454545455,0.0243818181818182,0.285714285714286,0
4,352,21.69,10,7,0,0.0198863636363636,0.0616193181818182,1.42857142857143,0
1,473,15.14,11,1,0,0.0549682875264271,0.0320084566596195,0.423076923076923,1
2,1597,11.14,2,5,5,0.0137758296806512,0.00697557921102066,0.0909090909090909,0
1,91,0.26,8,6,4,0.307692307692308,0.00285714285714286,0.285714285714286,1
4,1821,91.48,7,10,4,0.00878638110928062,0.0502361339923119,0.4375,0
5,709,22.5,9,8,0,0.0282087447108604,0.0317348377997179,0.45,0
1,1537,38.44,5,6,1,0.0175666883539362,0.0250097592713077,0.185185185185185,1
3,691,33.87,9,5,1,0.0303907380607815,0.0490159189580318,0.428571428571429,0
2,1698,7.59,6,7,5,0.0111896348645465,0.00446996466431095,0.315789473684211,0
6,1698,32.22,4,3,3,0.000588928150765607,0.0189752650176678,4,0
3,171,21.51,1,3,5,0.0994152046783626,0.125789473684211,0.0588235294117647,0
4,216,77.45,3,6,3,0.0833333333333333,0.358564814814815,0.166666666666667,0
5,1026,24.44,3,3,0,0.0224171539961014,0.0238206627680312,0.130434782608696,0
2,1660,13.69,1,3,2,0.0126506024096386,0.00824698795180723,0.0476190476190476,0
4,123,6.72,4,9,4,0.235772357723577,0.0546341463414634,0.137931034482759,0
5,635,52.23,9,0,5,0.0456692913385827,0.082251968503937,0.310344827586207,0
4,942,90.29,7,1,5,0.0180467091295117,0.0958492569002123,0.411764705882353,0
4,581,87.17,1,3,1,0.0327022375215146,0.150034423407917,0.0526315789473684,0
1,439,63.23,10,3,2,0.0182232346241458,0.144031890660592,1.25,0
5,1469,91.79,1,8,3,0.0142954390742001,0.0624846834581348,0.0476190476190476,0
1,511,28.39,10,5,2,0.0234833659491194,0.0555577299412916,0.833333333333333,0
6,1796,10.77,1,2,4,0.00501113585746102,0.00599665924276169,0.111111111111111,0
3,440,49.34,3,5,5,0.0113636363636364,0.112136363636364,0.6,0
4,467,94.13,3,9,4,0.0406852248394004,0.201563169164882,0.157894736842105,0
2,365,20.05,8,10,2,0.0356164383561644,0.0549315068493151,0.615384615384615,0
5,1720,86.84,4,1,3,0.00988372093023256,0.0504883720930233,0.235294117647059,0
5,853,23.57,3,3,1,0.0117233294255569,0.0276318874560375,0.3,0
2,705,17.95,4,3,3,0.0184397163120567,0.0254609929078014,0.307692307692308,0
5,1581,65.84,9,5,4,0.00885515496521189,0.0416445287792536,0.642857142857143,0
2,880,51.25,0,10,3,0.0170454545454545,0.0582386363636364,0,0
5,247,41.18,5,8,5,0.0809716599190283,0.166720647773279,0.25,0
3,1365,80.09,8,2,1,0.0212454212454212,0.0586739926739927,0.275862068965517,0
6,1420,5.34,11,2,2,0.0161971830985915,0.00376056338028169,0.478260869565217,0
4,928,62.81,8,7,4,0.00969827586206897,0.0676831896551724,0.888888888888889,0
6,1097,21.77,1,10,0,0.0100273473108478,0.019845031905196,0.0909090909090909,0
2,454,77.15,1,1,5,0.0616740088105727,0.169933920704846,0.0357142857142857,0
2,268,98.18,7,0,4,0.0932835820895522,0.36634328358209,0.28,0
1,637,39.52,10,1,0,0.0204081632653061,0.0620408163265306,0.769230769230769,0
2,1355,81.16,7,5,0,0.00811808118081181,0.0598966789667897,0.636363636363636,0
1,1568,2.42,2,6,2,0.00637755102040816,0.00154336734693878,0.2,0
5,838,44.03,11,6,2,0.0107398568019093,0.0525417661097852,1.22222222222222,0
1,856,15.25,0,3,5,0.00116822429906542,0.0178154205607477,0,0
5,490,32.22,6,4,3,0.0551020408163265,0.0657551020408163,0.222222222222222,0
2,196,39.11,8,8,4,0.112244897959184,0.199540816326531,0.363636363636364,0
3,594,31.55,6,10,4,0.0269360269360269,0.0531144781144781,0.375,0
6,890,59.49,11,4,4,0.0112359550561798,0.0668426966292135,1.1,0
1,1666,25.6,5,5,3,0.00600240096038415,0.0153661464585834,0.5,0
2,506,86.07,0,6,1,0.0237154150197628,0.170098814229249,0,0
6,1162,42.24,6,3,3,0.00688468158347676,0.0363511187607573,0.75,0
1,546,23.92,11,2,1,0.032967032967033,0.0438095238095238,0.611111111111111,0
6,285,76.75,11,7,3,0.0491228070175439,0.269298245614035,0.785714285714286,0
5,475,51.6,0,4,1,0.00631578947368421,0.108631578947368,0,0
6,127,11.91,10,4,4,0.228346456692913,0.0937795275590551,0.344827586206897,0
3,1527,27.08,8,10,1,0.00589390962671906,0.0177341191879502,0.888888888888889,0
1,618,98.64,11,8,2,0.0420711974110032,0.159611650485437,0.423076923076923,1
4,854,81.62,7,0,5,0.0269320843091335,0.0955737704918033,0.304347826086957,0
2,124,8.18,2,0,2,0.120967741935484,0.0659677419354839,0.133333333333333,0
3,1479,4.06,0,4,3,0.0101419878296146,0.00274509803921569,0,0
4,233,83.33,0,0,2,0.0300429184549356,0.357639484978541,0,0
4,1546,10.98,10,9,2,0.0116429495472186,0.00710219922380336,0.555555555555556,0
4,1530,77.52,5,3,4,0.00588235294117647,0.0506666666666667,0.555555555555556,0
6,579,19.6,0,1,1,0.0362694300518135,0.0338514680483592,0,0
6,732,18.93,0,10,2,0.0177595628415301,0.0258606557377049,0,0
4,259,49.63,2,4,1,0.0965250965250965,0.191621621621622,0.08,0
3,989,22.77,7,7,3,0.0252780586450961,0.0230232558139535,0.28,0
5,580,66.02,9,3,1,0.00862068965517241,0.113827586206897,1.8,0
6,1624,29.71,5,2,3,0.0123152709359606,0.0182943349753695,0.25,0
2,1813,22.14,8,1,0,0.00551571980143409,0.0122118036403751,0.8,0
1,1830,48.69,10,10,0,0.0136612021857923,0.0266065573770492,0.4,1
6,1325,44.92,2,8,5,0.00981132075471698,0.0339018867924528,0.153846153846154,0
3,1704,50.7,3,10,2,0.0123239436619718,0.0297535211267606,0.142857142857143,0
2,1296,39.97,4,1,1,0.0154320987654321,0.030841049382716,0.2,0
2,888,26.43,9,2,1,0.0225225225225225,0.0297635135135135,0.45,0
2,809,21.21,0,7,5,0.0210135970333745,0.0262175525339926,0,0
5,80,79.55,3,0,5,0.2625,0.994375,0.142857142857143,0
1,339,80.28,8,1,2,0.0855457227138643,0.236814159292035,0.275862068965517,0
4,1628,65.1,0,5,5,0.00245700245700246,0.039987714987715,0,0
1,1225,96.92,9,7,5,0.0244897959183673,0.0791183673469388,0.3,1
5,1342,13.19,11,9,2,0.00521609538002981,0.00982861400894188,1.57142857142857,0
3,1051,26.24,11,1,3,0.0247383444338725,0.0249666983824929,0.423076923076923,0
4,259,23.83,4,5,5,0.0308880308880309,0.092007722007722,0.5,0
3,751,68.27,7,1,3,0.033288948069241,0.0909054593874833,0.28,0
6,715,14,11,6,0,0.013986013986014,0.0195804195804196,1.1,0
2,1048,45.74,3,5,5,0.00477099236641221,0.0436450381679389,0.6,0
1,357,85.61,10,9,1,0.0644257703081232,0.239803921568627,0.434782608695652,0
2,1147,70.69,8,9,5,0.004359197907585,0.0616303400174368,1.6,0
1,1362,89.74,8,6,5,0.00220264317180617,0.0658883994126285,2.66666666666667,0
6,318,39.67,6,9,5,0.0283018867924528,0.124748427672956,0.666666666666667,0
2,43,94.91,10,1,4,0.325581395348837,2.20720930232558,0.714285714285714,0
4,383,71.94,3,3,5,0.00783289817232376,0.187832898172324,1,0
3,1329,57.14,5,7,1,0.0203160270880361,0.0429947328818661,0.185185185185185,0
5,598,13.13,11,3,2,0.00501672240802676,0.0219565217391304,3.66666666666667,0
2,758,18.6,6,8,5,0.00659630606860158,0.0245382585751979,1.2,0
2,1783,78.3,11,3,3,0.00336511497476164,0.0439147504206394,1.83333333333333,0
6,109,20.55,4,10,1,0.100917431192661,0.188532110091743,0.363636363636364,0
5,40,43.72,0,8,5,0.025,1.093,0,0
4,1516,73.82,2,2,3,0.00197889182058048,0.0486939313984169,0.666666666666667,0
6,791,23.22,8,2,3,0.0379266750948167,0.0293552465233881,0.266666666666667,0
5,32,51.73,3,6,2,0.40625,1.6165625,0.230769230769231,0
4,911,24.53,4,0,3,0.0230515916575192,0.0269264544456641,0.19047619047619,0
1,1099,35.31,11,3,2,0.0218380345768881,0.0321292083712466,0.458333333333333,1
4,46,40.98,9,9,2,0.652173913043478,0.890869565217391,0.3,0
1,1250,21.36,7,4,3,0.0032,0.017088,1.75,0
2,42,26.6,8,3,1,0.619047619047619,0.633333333333333,0.307692307692308,0
6,1569,62.42,0,4,1,0.0121096239643085,0.0397833014659019,0,0
1,1244,87.97,3,8,2,0.00803858520900321,0.0707154340836013,0.3,0
1,1499,96.19,9,0,3,0.0180120080053369,0.0641694462975317,0.333333333333333,1
5,764,91.5,11,2,2,0.0274869109947644,0.119764397905759,0.523809523809524,0
2,694,74.11,10,6,4,0.0115273775216138,0.10678674351585,1.25,0
2,1108,77.25,10,10,0,0.0207581227436823,0.0697202166064982,0.434782608695652,0
1,1595,11.61,7,8,0,0.00250783699059561,0.00727899686520376,1.75,0
2,1478,75.28,2,3,1,0.013531799729364,0.0509336941813261,0.1,0
2,895,27.48,11,1,5,0.0201117318435754,0.0307039106145251,0.611111111111111,0
6,51,1.25,3,1,1,0.294117647058824,0.0245098039215686,0.2,0
3,1744,78.42,9,8,4,0.0172018348623853,0.0449655963302752,0.3,0
5,1666,79.5,4,5,0,0.00240096038415366,0.047719087635054,1,0
6,780,63.66,11,3,2,0.0217948717948718,0.0816153846153846,0.647058823529412,0
3,848,52.37,2,4,0,0.0224056603773585,0.0617570754716981,0.105263157894737,0
4,741,36.36,3,4,2,0.0323886639676113,0.0490688259109312,0.125,0
2,415,37.77,1,5,1,0.0530120481927711,0.0910120481927711,0.0454545454545455,0
3,1328,93.55,5,4,5,0.0210843373493976,0.0704442771084337,0.178571428571429,0
4,709,0.23,2,8,3,0.0239774330042313,0.000324400564174894,0.117647058823529,0
3,136,42.61,6,0,4,0.161764705882353,0.313308823529412,0.272727272727273,0
2,1363,1.84,7,7,4,0.0168745414526779,0.00134996331621423,0.304347826086957,0
1,1259,78.34,10,6,2,0.011119936457506,0.0622239872915012,0.714285714285714,0
4,572,88.48,9,6,4,0.034965034965035,0.154685314685315,0.45,0
6,1573,62.05,9,6,5,0.00826446280991736,0.039446916719644,0.692307692307692,0
2,933,22.62,7,1,3,0.0182207931404073,0.0242443729903537,0.411764705882353,0
3,1639,45.02,9,4,5,0.00854179377669311,0.0274679682733374,0.642857142857143,0
1,189,42.45,6,10,1,0.137566137566138,0.224603174603175,0.230769230769231,1
6,1069,92.12,1,7,4,0.0187090739008419,0.0861739943872778,0.05,0
1,1155,2.24,2,0,2,0.00519480519480519,0.00193939393939394,0.333333333333333,0
1,424,61.96,5,2,4,0.00235849056603774,0.146132075471698,5,0
2,623,11.15,5,8,0,0.00802568218298555,0.0178972712680578,1,0
3,1600,89.81,0,2,2,0.000625,0.05613125,0,0
2,968,78.35,8,1,3,0.0227272727272727,0.0809400826446281,0.363636363636364,0
2,1659,54.7,7,9,4,0.000602772754671489,0.0329716696805304,7,0
3,733,7.35,6,9,4,0.0150068212824011,0.0100272851296044,0.545454545454545,0
3,1374,51.79,9,0,4,0.000727802037845706,0.0376928675400291,9,0
6,1473,0.01,10,8,0,0.00543109300746775,6.78886625933469e-06,1.25,0
5,1487,51.83,3,7,1,0.00134498991257566,0.0348554135843981,1.5,0
3,1754,93.43,4,6,5,0.00798175598631699,0.053266818700114,0.285714285714286,0
3,270,85.17,11,1,0,0.0333333333333333,0.315444444444444,1.22222222222222,0
3,1331,52.7,6,6,2,0.0180315552216379,0.0395942900075131,0.25,0
1,580,80.49,7,9,0,0.0120689655172414,0.138775862068965,1,0
2,735,29.79,4,7,2,0.0380952380952381,0.040530612244898,0.142857142857143,0
5,641,19.4,5,6,2,0.0249609984399376,0.0302652106084243,0.3125,0
3,1690,3.59,3,9,3,0.0136094674556213,0.00212426035502959,0.130434782608696,0
4,1662,21.4,3,7,3,0.0120336943441637,0.0128760529482551,0.15,0
4,581,92.87,5,9,2,0.00516351118760757,0.159845094664372,1.66666666666667,0
5,494,44.76,1,9,4,0.0121457489878543,0.0906072874493927,0.166666666666667,0
1,1679,62.67,0,2,4,0.0166765932102442,0.0373257891602144,0,1
5,337,9.35,3,7,3,0.0474777448071217,0.0277448071216617,0.1875,0
4,661,88.58,4,4,1,0.0302571860816944,0.134009077155824,0.2,0
1,521,89.61,1,0,1,0.0556621880998081,0.171996161228407,0.0344827586206897,0
3,1072,89.13,0,3,1,0.00466417910447761,0.0831436567164179,0,0
5,1621,53.69,0,7,1,0.0160394818013572,0.0331215299198026,0,0
4,40,25.99,6,5,5,0.35,0.64975,0.428571428571429,0
5,1106,13.65,4,3,3,0.00361663652802893,0.0123417721518987,1,0
1,153,39.39,4,3,4,0.0849673202614379,0.257450980392157,0.307692307692308,0
1,950,25.83,0,1,4,0.0315789473684211,0.0271894736842105,0,1
6,1387,44.83,5,9,1,0.0108147080028839,0.0323215573179524,0.333333333333333,0
5,1230,41.21,2,8,2,0.00650406504065041,0.0335040650406504,0.25,0
4,982,61.84,10,3,4,0.0285132382892057,0.0629735234215886,0.357142857142857,0
5,1423,41.76,10,2,2,0.0133520730850316,0.0293464511595221,0.526315789473684,0
2,1228,73.68,2,6,0,0.0138436482084691,0.06,0.117647058823529,0
1,1691,90.31,6,5,1,0.0124186871673566,0.0534062684801892,0.285714285714286,1
6,328,56.33,1,9,0,0.0640243902439024,0.171737804878049,0.0476190476190476,0
3,261,86.46,9,5,4,0.114942528735632,0.331264367816092,0.3,0
6,1359,2.14,3,0,1,0.00294334069168506,0.00157468727005151,0.75,0
3,1190,59.76,6,5,4,0.0210084033613445,0.050218487394958,0.24,0
3,1236,80.09,3,9,3,0.0105177993527508,0.0647977346278317,0.230769230769231,0
2,319,61.79,5,2,3,0.0188087774294671,0.193699059561129,0.833333333333333,0
4,1260,41.49,10,4,2,0.0126984126984127,0.0329285714285714,0.625,0
2,163,3.81,5,0,3,0.104294478527607,0.0233742331288344,0.294117647058824,0
4,676,61.02,6,2,2,0.0118343195266272,0.0902662721893491,0.75,0
3,674,50.15,11,4,0,0.0148367952522255,0.074406528189911,1.1,0
5,150,87.47,5,6,2,0.0666666666666667,0.583133333333333,0.5,0
6,172,3,0,6,0,0.0813953488372093,0.0174418604651163,0,0
3,36,32.45,1,4,2,0.111111111111111,0.901388888888889,0.25,0
3,784,98.48,3,4,0,0.0306122448979592,0.125612244897959,0.125,0
2,135,29.17,3,1,5,0.192592592592593,0.216074074074074,0.115384615384615,0
3,684,86.69,5,1,0,0.0219298245614035,0.126739766081871,0.333333333333333,0
4,790,64.89,5,9,3,0.020253164556962,0.0821392405063291,0.3125,0
2,1433,64.76,4,9,1,0.0139567341242149,0.045191905094208,0.2,0
5,895,83.1,1,4,3,0.00335195530726257,0.0928491620111732,0.333333333333333,0
1,1428,82.07,9,3,1,0.00140056022408964,0.0574719887955182,4.5,0
3,1099,52.86,10,2,1,0.0236578707916288,0.048098271155596,0.384615384615385,0
5,902,54.43,1,4,2,0.0332594235033259,0.0603436807095344,0.0333333333333333,0
5,1808,30.75,4,7,2,0.00940265486725664,0.0170077433628319,0.235294117647059,0
2,1103,86.78,5,6,0,0.0253853127833182,0.0786763372620127,0.178571428571429,0
2,1396,2.12,1,1,2,0.0136103151862464,0.00151862464183381,0.0526315789473684,0
4,499,30.42,4,6,0,0.0120240480961924,0.0609619238476954,0.666666666666667,0
6,1239,94.94,2,0,5,0.0104923325262308,0.0766263115415658,0.153846153846154,0
1,18,20.66,4,4,5,1.61111111111111,1.14777777777778,0.137931034482759,0
4,455,89.1,7,0,3,0.00879120879120879,0.195824175824176,1.75,0
5,141,51.73,6,5,0,0.099290780141844,0.366879432624113,0.428571428571429,0
4,58,23.55,3,4,3,0.120689655172414,0.406034482758621,0.428571428571429,0
1,846,4.2,3,3,5,0.00118203309692671,0.0049645390070922,3,0
3,801,47.12,10,7,5,0.0287141073657928,0.0588264669163546,0.434782608695652,0
6,1795,88.13,4,10,5,0.00334261838440111,0.0490974930362117,0.666666666666667,0
5,1524,32.56,0,1,2,0.0177165354330709,0.0213648293963255,0,0
6,284,60.84,0,2,3,0.0387323943661972,0.214225352112676,0,0
3,851,15.46,1,2,0,0.0188014101057579,0.0181668625146886,0.0625,0
6,1627,87.66,7,0,5,0.0122925629993854,0.0538783036263061,0.35,0
5,1149,36.63,7,0,4,0.0191470844212359,0.0318798955613577,0.318181818181818,0
2,1269,59.1,5,5,5,0.00630417651694247,0.0465721040189125,0.625,0
1,809,15.94,5,2,3,0.0321384425216316,0.0197033374536465,0.192307692307692,0
5,1122,7.37,5,5,5,0.0124777183600713,0.00656862745098039,0.357142857142857,0
2,1203,74.91,9,1,3,0.0108063175394846,0.0622693266832918,0.692307692307692,0
6,1053,40.34,2,1,0,0.000949667616334283,0.038309591642925,2,0
1,1075,3.22,5,1,3,0.00186046511627907,0.0029953488372093,2.5,0
1,1512,75,11,6,1,0.0158730158730159,0.0496031746031746,0.458333333333333,1
2,524,1.39,8,7,1,0.017175572519084,0.00265267175572519,0.888888888888889,0
5,87,63.45,2,7,3,0.149425287356322,0.729310344827586,0.153846153846154,0
6,1743,42.09,11,2,2,0.0126219162363741,0.0241480206540448,0.5,0
2,1286,61.21,5,9,3,0.00622083981337481,0.047597200622084,0.625,0
1,1403,59.68,4,1,1,0.0135424091233072,0.0425374198146828,0.210526315789474,0
3,482,10.14,8,10,4,0.0435684647302905,0.0210373443983402,0.380952380952381,0
1,22,5.67,11,10,3,0.954545454545455,0.257727272727273,0.523809523809524,0
5,102,14.49,0,2,3,0.166666666666667,0.142058823529412,0,0
2,245,55.29,0,10,2,0.0530612244897959,0.225673469387755,0,0
1,1434,8.6,10,9,2,0.0153417015341702,0.00599721059972106,0.454545454545455,1
1,1486,57.13,4,1,1,0.0154777927321669,0.0384454912516824,0.173913043478261,0
5,336,72.56,2,5,2,0.056547619047619,0.215952380952381,0.105263157894737,0
1,1126,31.39,8,7,3,0.00266429840142096,0.0278774422735346,2.66666666666667,0
6,689,51.27,1,10,0,0.0275761973875181,0.0744121915820029,0.0526315789473684,0
1,886,84.93,9,3,5,0.0158013544018059,0.0958577878103838,0.642857142857143,0
4,1603,90,1,1,5,0.000623830318153462,0.0561447286338116,1,0
3,1808,89.35,5,1,1,0.0138274336283186,0.0494192477876106,0.2,0
1,213,17.76,11,3,0,0.0516431924882629,0.0833802816901408,1,0
3,1515,44.1,1,1,0,0.0158415841584158,0.0291089108910891,0.0416666666666667,0
6,1098,33.87,0,10,1,0.00728597449908925,0.0308469945355191,0,0
3,1814,39.47,3,9,5,0.00882028665931643,0.0217585446527012,0.1875,0
5,937,70.88,4,1,3,0.0064034151547492,0.0756456776947705,0.666666666666667,0
6,1147,17.81,2,9,4,0.00523103748910201,0.0155274629468178,0.333333333333333,0
4,123,88.45,0,7,3,0.0650406504065041,0.719105691056911,0,0
3,1027,80.15,8,5,3,0.00194741966893866,0.0780428432327167,4,0
6,73,31.2,6,3,5,0.410958904109589,0.427397260273973,0.2,0
3,1018,66.26,8,5,2,0.0196463654223969,0.0650884086444008,0.4,0
6,658,49.76,11,4,1,0.0243161094224924,0.0756231003039514,0.6875,0
3,410,53.61,1,7,5,0.0414634146341463,0.130756097560976,0.0588235294117647,0
2,1746,75.13,1,1,5,0.0160366552119129,0.0430297823596793,0.0357142857142857,0
4,945,96.49,10,4,1,0.00211640211640212,0.10210582010582,5,0
3,1082,91.51,11,6,0,0.00369685767097967,0.0845748613678373,2.75,0
4,1793,26.52,3,8,4,0.00780814277746793,0.0147908533184607,0.214285714285714,0
6,511,83.43,3,7,0,0.00195694716242661,0.163268101761252,3,0
4,331,39.03,7,5,3,0.054380664652568,0.117915407854985,0.388888888888889,0
5,1196,87.05,8,7,0,0.0133779264214047,0.0727842809364549,0.5,0
5,1684,35.59,2,3,4,0.0142517814726841,0.0211342042755344,0.0833333333333333,0
5,843,7.77,5,3,3,0.0130486358244365,0.00921708185053381,0.454545454545455,0
6,671,0.14,10,3,1,0.0104321907600596,0.000208643815201192,1.42857142857143,0
4,1724,79.77,0,6,1,0.0104408352668213,0.0462703016241299,0,0
1,1082,10.09,11,3,5,0.011090573012939,0.00932532347504621,0.916666666666667,0
6,1386,57.73,11,4,3,0.0158730158730159,0.0416522366522367,0.5,0
2,157,5.35,11,4,2,0.0700636942675159,0.0340764331210191,1,0
2,923,19.04,1,1,1,0.0119176598049837,0.0206283856988082,0.0909090909090909,0
2,1249,13.14,1,6,1,0.0136108887109688,0.0105204163330665,0.0588235294117647,0
6,663,0.03,8,5,2,0.0407239819004525,4.52488687782805e-05,0.296296296296296,0
6,1477,30.69,0,3,4,0.00947867298578199,0.020778605280975,0,0
4,1225,88.95,11,9,5,0.00326530612244898,0.0726122448979592,2.75,0
1,1399,47.76,3,2,2,0.0121515368120086,0.0341386704789135,0.176470588235294,0
4,227,71.24,0,0,0,0.0308370044052863,0.313832599118943,0,0
4,399,68.52,1,9,4,0.0300751879699248,0.171729323308271,0.0833333333333333,0
3,1705,71.83,0,6,2,0.00234604105571848,0.0421290322580645,0,0
6,69,79.78,8,1,1,0.36231884057971,1.15623188405797,0.32,0
1,1213,93.48,9,1,3,0.0123660346248969,0.0770651277823578,0.6,0
6,1448,58.75,11,8,0,0.0138121546961326,0.0405732044198895,0.55,0
3,723,83.06,11,5,0,0.016597510373444,0.114882434301521,0.916666666666667,0
6,720,49.12,11,4,5,0.0236111111111111,0.0682222222222222,0.647058823529412,0
3,458,6.04,3,10,4,0.0480349344978166,0.0131877729257642,0.136363636363636,0
1,43,23.08,4,6,2,0.604651162790698,0.536744186046512,0.153846153846154,0
6,1649,43.91,9,0,0,0.00970285021224985,0.0266282595512432,0.5625,0
6,583,24.41,9,8,3,0.0205831903945112,0.0418696397941681,0.75,0
2,541,90.34,6,3,4,0.0166358595194085,0.166987060998152,0.666666666666667,0
1,600,8.8,6,8,3,0.0483333333333333,0.0146666666666667,0.206896551724138,1
3,946,43.23,6,5,0,0.0306553911205074,0.0456976744186047,0.206896551724138,0
1,923,72.62,5,9,3,0.0227518959913326,0.0786782231852654,0.238095238095238,1
3,1762,30.71,7,3,3,0.00681044267877412,0.0174290578887628,0.583333333333333,0
6,941,47.36,9,4,0,0.0180658873538789,0.0503294367693943,0.529411764705882,0
3,1449,10.67,9,0,3,0.020703933747412,0.00736369910282954,0.3,0
5,439,34.27,0,5,1,0.0660592255125285,0.0780637813211845,0,0
6,1413,6.91,7,8,5,0.00141542816702052,0.00489030431705591,3.5,0
1,1448,1.22,0,6,1,0.00138121546961326,0.000842541436464088,0,0
6,481,24.17,1,5,1,0.027027027027027,0.0502494802494803,0.0769230769230769,0
4,1325,53.33,3,4,2,0.0226415094339623,0.0402490566037736,0.1,0
3,670,16.76,0,7,5,0.0343283582089552,0.0250149253731343,0,0
2,459,58.95,4,10,5,0.0239651416122004,0.12843137254902,0.363636363636364,0
4,173,53.37,4,2,0,0.00578034682080925,0.30849710982659,4,0
1,389,35.92,6,6,0,0.038560411311054,0.0923393316195373,0.4,0
5,110,19.72,1,7,4,0.118181818181818,0.179272727272727,0.0769230769230769,0
4,1463,59.89,11,9,5,0.0075187969924812,0.0409364319890636,1,0
1,1045,45.74,0,2,4,0.0267942583732057,0.0437703349282297,0,1
1,400,22.96,2,6,0,0.0475,0.0574,0.105263157894737,0
3,868,61.36,6,2,3,0.0276497695852535,0.0706912442396313,0.25,0
6,1192,59.87,8,6,3,0.0201342281879195,0.0502265100671141,0.333333333333333,0
4,1066,14.91,7,8,1,0.00187617260787992,0.0139868667917448,3.5,0
1,1348,78.76,1,0,0,0.0140949554896142,0.0584272997032641,0.0526315789473684,0
6,762,59.93,5,0,4,0.00918635170603675,0.0786482939632546,0.714285714285714,0
4,1039,4.5,0,0,2,0.00288739172281039,0.00433108758421559,0,0
2,884,79.98,4,6,5,0.00452488687782805,0.0904751131221719,1,0
4,1284,22.83,1,3,4,0.0233644859813084,0.0177803738317757,0.0333333333333333,0
2,404,7.98,0,1,2,0.0668316831683168,0.0197524752475248,0,0
6,884,90.71,4,0,5,0.0124434389140271,0.102613122171946,0.363636363636364,0
4,1796,88.53,0,9,0,0.00111358574610245,0.0492928730512249,0,0
3,565,30.39,2,3,4,0.0230088495575221,0.053787610619469,0.153846153846154,0
1,275,65.55,1,5,1,0.0981818181818182,0.238363636363636,0.037037037037037,0
5,1326,73.47,5,1,4,0.0180995475113122,0.0554072398190045,0.208333333333333,0
6,814,41.64,6,3,4,0.00737100737100737,0.0511547911547912,1,0
5,871,83.86,9,9,4,0.0172215843857635,0.0962801377726751,0.6,0
6,1223,16.79,1,4,3,0.000817661488143908,0.0137285363859362,1,0
2,45,32.81,4,4,0,0.133333333333333,0.729111111111111,0.666666666666667,0
5,441,86.58,1,2,3,0.0249433106575964,0.196326530612245,0.0909090909090909,0
1,1545,60.97,4,10,1,0.0103559870550162,0.039462783171521,0.25,0
6,854,18.45,10,9,4,0.0327868852459016,0.0216042154566745,0.357142857142857,0
2,1280,41.86,6,3,1,0.00390625,0.032703125,1.2,0
4,1412,47.42,10,1,5,0.000708215297450425,0.0335835694050991,10,0
3,1520,77.71,7,6,4,0.00855263157894737,0.051125,0.538461538461538,0
2,932,80.12,2,1,3,0.00321888412017167,0.0859656652360515,0.666666666666667,0
4,1302,54.48,7,2,3,0.00998463901689708,0.0418433179723502,0.538461538461538,0
6,206,11.67,6,4,3,0.00970873786407767,0.0566504854368932,3,0
3,1427,17.54,5,8,4,0.0189208128941836,0.01229152067274,0.185185185185185,0
4,514,53.76,6,1,0,0.0408560311284047,0.104591439688716,0.285714285714286,0
3,471,25.25,4,8,3,0.0509554140127389,0.0536093418259023,0.166666666666667,0
1,1434,74.97,3,5,1,0.0181311018131102,0.0522803347280335,0.115384615384615,1
1,764,37.46,4,8,0,0.0209424083769634,0.0490314136125654,0.25,0
1,135,63.18,7,6,4,0.0222222222222222,0.468,2.33333333333333,0
3,1227,9.43,9,4,0,0.006519967400163,0.00768541157294214,1.125,0
6,990,56.52,2,3,4,0.0161616161616162,0.0570909090909091,0.125,0
2,1467,14.48,7,10,5,0.0156782549420586,0.00987048398091343,0.304347826086957,0
5,1345,45.01,11,9,1,0.0200743494423792,0.0334646840148699,0.407407407407407,0
6,1571,13.93,0,6,0,0.0159134309357097,0.00886696371737747,0,0
6,931,16.24,5,5,4,0.0247046186895811,0.0174436090225564,0.217391304347826,0
2,271,97.17,5,2,0,0.0590405904059041,0.358560885608856,0.3125,0
1,19,63.22,0,2,4,0.631578947368421,3.32736842105263,0,0
6,226,56.79,2,10,2,0.0619469026548673,0.251283185840708,0.142857142857143,0
3,731,9.39,2,7,3,0.0369357045143639,0.0128454172366621,0.0740740740740741,0
4,828,66.56,7,4,3,0.0072463768115942,0.0803864734299517,1.16666666666667,0
5,233,0.54,2,8,0,0.0815450643776824,0.00231759656652361,0.105263157894737,0
6,1332,16.78,10,2,4,0.003003003003003,0.0125975975975976,2.5,0
1,1775,30.56,0,2,2,0.00338028169014085,0.0172169014084507,0,0
6,191,8.55,9,4,2,0.00523560209424084,0.0447643979057592,9,0
3,1162,90.67,0,2,0,0.0223752151462995,0.0780292598967298,0,0
6,165,60.67,11,9,4,0.0181818181818182,0.36769696969697,3.66666666666667,0
3,111,99.53,8,10,3,0.0810810810810811,0.896666666666667,0.888888888888889,0
3,839,27.44,10,2,3,0.032181168057211,0.0327056019070322,0.37037037037037,0
1,1747,25.78,3,3,0,0.0108757870635375,0.014756725815684,0.157894736842105,0
3,1683,64.28,10,6,5,0.0130718954248366,0.0381937017231135,0.454545454545455,0
6,389,75.87,9,2,1,0.012853470437018,0.195038560411311,1.8,0
3,1587,30.25,3,1,0,0.00189035916824197,0.0190611216131065,1,0
1,213,48.5,0,0,3,0.126760563380282,0.227699530516432,0,0
1,666,58.91,2,9,1,0.0225225225225225,0.0884534534534535,0.133333333333333,0
4,455,17.87,1,1,4,0.0153846153846154,0.0392747252747253,0.142857142857143,0
3,859,84.15,7,4,2,0.00582072176949942,0.0979627473806752,1.4,0
2,861,74.41,2,0,4,0.00464576074332172,0.0864227642276423,0.5,0
5,889,54.78,8,7,5,0.0247469066366704,0.0616197975253093,0.363636363636364,0
2,1240,10.77,0,5,3,0.0145161290322581,0.00868548387096774,0,0
3,160,2.37,0,9,0,0.05,0.0148125,0,0
1,884,3.61,8,0,5,0.0192307692307692,0.00408371040723982,0.470588235294118,0
2,609,20.04,0,10,4,0.0197044334975369,0.0329064039408867,0,0
2,502,23.46,6,3,4,0.0577689243027888,0.0467330677290837,0.206896551724138,0
1,631,94.61,6,5,3,0.0190174326465927,0.149936608557845,0.5,0
2,1656,2.7,0,10,1,0.00301932367149758,0.0016304347826087,0,0
3,574,92.73,8,0,3,0.0226480836236934,0.161550522648084,0.615384615384615,0
2,888,55.67,11,5,5,0.0168918918918919,0.0626914414414414,0.733333333333333,0
4,1412,88.07,1,8,1,0.0028328611898017,0.0623725212464589,0.25,0
1,195,67.44,7,4,4,0.0615384615384615,0.345846153846154,0.583333333333333,0
3,169,0.16,9,1,3,0.130177514792899,0.000946745562130178,0.409090909090909,0
5,1263,77.22,10,7,4,0.0063341250989707,0.0611401425178147,1.25,0
2,295,92.67,7,1,2,0.0745762711864407,0.314135593220339,0.318181818181818,0
4,876,53.17,1,8,5,0.0148401826484018,0.0606963470319635,0.0769230769230769,0
6,1789,15.16,3,10,4,0.00950251537171604,0.00847400782560089,0.176470588235294,0
6,1530,56.97,6,9,2,0.00326797385620915,0.0372352941176471,1.2,0
4,923,93.36,2,2,3,0.0184182015167931,0.101148429035753,0.117647058823529,0
6,1164,89.32,11,4,1,0.00687285223367698,0.0767353951890034,1.375,0
1,904,9.85,10,2,3,0.0110619469026549,0.010896017699115,1,0
4,1293,55.85,9,10,5,0.00618716163959783,0.0431941221964424,1.125,0
2,1230,95.63,5,7,3,0.0016260162601626,0.0777479674796748,2.5,0
6,510,27.59,8,5,4,0.00392156862745098,0.0540980392156863,4,0
6,1586,90.12,8,2,0,0.0182849936948298,0.0568221941992434,0.275862068965517,0
1,1043,26.42,8,2,5,0.0172579098753595,0.0253307766059444,0.444444444444444,0
4,975,24.49,6,2,0,0.00205128205128205,0.0251179487179487,3,0
6,1235,10.5,4,3,1,0.0202429149797571,0.00850202429149798,0.16,0
6,1034,30.4,2,3,2,0.00193423597678917,0.0294003868471954,1,0
1,1812,36.14,10,1,2,0.00441501103752759,0.0199448123620309,1.25,0
5,720,73.29,8,10,3,0.00555555555555556,0.101791666666667,2,0
1,518,48.65,9,10,3,0.0501930501930502,0.0939189189189189,0.346153846153846,1
3,1065,15.49,7,9,1,0.0187793427230047,0.0145446009389671,0.35,0
6,351,70.31,6,8,2,0.0598290598290598,0.20031339031339,0.285714285714286,0
5,1610,93.67,4,6,2,0.0031055900621118,0.0581801242236025,0.8,0
5,1210,34,8,2,1,0.0140495867768595,0.028099173553719,0.470588235294118,0
6,434,15.09,6,5,5,0.00460829493087558,0.0347695852534562,3,0
5,1716,28,5,6,0,0.013986013986014,0.0163170163170163,0.208333333333333,0
5,542,69.76,4,2,0,0.0350553505535055,0.128708487084871,0.210526315789474,0
5,1629,58.91,3,2,5,0.0104358502148557,0.0361632903621854,0.176470588235294,0
4,969,82.38,10,6,3,0.022703818369453,0.085015479876161,0.454545454545455,0
1,1177,82.53,8,0,4,0.0110450297366185,0.0701189464740867,0.615384615384615,0
1,326,93.09,9,0,1,0.0122699386503067,0.285552147239264,2.25,0
6,615,96.76,4,8,3,0.0308943089430894,0.157333333333333,0.210526315789474,0
4,120,41.28,1,0,0,0.0583333333333333,0.344,0.142857142857143,0
3,1467,70.58,7,9,0,0.00749829584185412,0.0481117927743695,0.636363636363636,0
5,1620,83.68,4,3,2,0.00864197530864197,0.0516543209876543,0.285714285714286,0
6,1816,14.92,6,4,2,0.0165198237885463,0.008215859030837,0.2,0
4,620,99.63,0,7,2,0.0032258064516129,0.160693548387097,0,0
3,1374,52.01,3,4,1,0.000727802037845706,0.0378529839883552,3,0
2,517,83.67,0,1,3,0.0290135396518375,0.16183752417795,0,0
2,940,73.36,2,9,2,0.00212765957446809,0.0780425531914894,1,0
5,78,74.44,0,2,5,0.358974358974359,0.954358974358974,0,0
4,1221,20.33,6,7,0,0.0221130221130221,0.0166502866502867,0.222222222222222,0
1,81,6.18,2,4,5,0.234567901234568,0.0762962962962963,0.105263157894737,0
2,550,81.73,0,10,0,0.0545454545454545,0.1486,0,0
4,239,47.98,6,1,1,0.096234309623431,0.200753138075314,0.260869565217391,0
3,827,39.43,1,2,4,0.00846432889963724,0.0476783555018138,0.142857142857143,0
4,316,16.35,9,8,0,0.00949367088607595,0.0517405063291139,3,0
5,805,51.76,11,4,3,0.0062111801242236,0.0642981366459627,2.2,0
4,89,84.35,1,9,1,0.134831460674157,0.947752808988764,0.0833333333333333,0
5,401,20.27,2,6,3,0.00249376558603491,0.0505486284289277,2,0
4,933,82.79,6,9,4,0.00214362272240086,0.0887352625937835,3,0
2,1564,24.77,0,9,5,0.00447570332480818,0.0158375959079284,0,0
2,369,36.17,10,4,2,0.0569105691056911,0.0980216802168022,0.476190476190476,0
4,1155,73.36,11,10,0,0.0147186147186147,0.0635151515151515,0.647058823529412,0
1,1782,13.34,5,1,4,0.0151515151515152,0.00748597081930415,0.185185185185185,1
5,970,14.69,3,1,4,0.0288659793814433,0.0151443298969072,0.107142857142857,0
4,1310,95.65,0,10,0,0.016030534351145,0.0730152671755725,0,0
1,1542,9.99,2,10,2,0.0194552529182879,0.00647859922178988,0.0666666666666667,1
4,1735,83.37,10,5,0,0.0126801152737752,0.0480518731988473,0.454545454545455,0
6,1083,35.82,4,7,1,0.00369344413665743,0.0330747922437673,1,0
1,883,74.69,11,2,2,0.0124575311438279,0.0845866364665912,1,0
6,52,70.03,8,6,5,0.0384615384615385,1.34673076923077,4,0
4,1568,99.64,3,2,4,0.0153061224489796,0.0635459183673469,0.125,0
5,50,53.55,3,8,5,0.08,1.071,0.75,0
3,1203,31.51,9,1,4,0.0149625935162095,0.02619285120532,0.5,0
5,1618,60.74,11,10,4,0.0135970333745365,0.037540173053152,0.5,0
6,1065,79.82,6,5,5,0.0253521126760563,0.0749483568075117,0.222222222222222,0
3,1656,26.2,5,7,3,0.000603864734299517,0.0158212560386473,5,0
2,1397,69.02,7,4,4,0.00715819613457409,0.0494058697208303,0.7,0
4,1405,43.3,4,9,1,0.00711743772241993,0.0308185053380783,0.4,0
2,1775,19.21,8,2,4,0.00112676056338028,0.0108225352112676,4,0
6,1230,17.65,9,3,2,0.0048780487804878,0.014349593495935,1.5,0
2,931,68.85,1,9,0,0.0268528464017186,0.073952738990333,0.04,0
3,1496,85.06,7,9,2,0.00200534759358289,0.0568582887700535,2.33333333333333,0
3,1501,42.54,10,7,3,0.00599600266489007,0.0283411059293804,1.11111111111111,0
3,1012,26.27,0,1,1,0.00494071146245059,0.0259584980237154,0,0
4,451,67.08,8,10,5,0.0133037694013304,0.148736141906874,1.33333333333333,0
3,452,39.55,0,7,3,0.0530973451327434,0.0875,0,0
6,486,91.58,3,2,4,0.0411522633744856,0.18843621399177,0.15,0
4,558,25.96,2,10,5,0.010752688172043,0.0465232974910394,0.333333333333333,0
3,1569,19.5,6,2,4,0.00892288081580625,0.0124282982791587,0.428571428571429,0
6,552,3.78,8,6,3,0.0036231884057971,0.00684782608695652,4,0
2,149,49.15,5,1,0,0.0201342281879195,0.329865771812081,1.66666666666667,0
1,994,81.79,9,4,0,0.0160965794768612,0.0822837022132797,0.5625,0
1,1742,52.47,7,4,4,0.0103329506314581,0.0301205510907003,0.388888888888889,0
2,1476,97.73,9,0,1,0.0101626016260163,0.0662127371273713,0.6,0
3,587,8.2,11,2,5,0.0323679727427598,0.01396933560477,0.578947368421053,0
1,824,25.31,1,9,4,0.0194174757281553,0.0307160194174757,0.0625,0
4,400,86.11,0,7,0,0.0025,0.215275,0,0
1,1506,36.67,7,3,4,0.0119521912350598,0.0243492695883134,0.388888888888889,0
6,1635,98.26,0,10,4,0.00244648318042813,0.0600978593272171,0,0
2,1294,89.66,8,3,3,0.0170015455950541,0.0692890262751159,0.363636363636364,0
4,1520,49.67,5,6,2,0.0177631578947368,0.0326776315789474,0.185185185185185,0
6,1283,89.36,7,2,0,0.0233826968043648,0.0696492595479345,0.233333333333333,0
4,976,15.59,6,9,0,0.0297131147540984,0.0159733606557377,0.206896551724138,0
4,1793,4.58,7,1,4,0.0161740100390407,0.00255437813720022,0.241379310344828,0
2,95,79.98,2,0,4,0.231578947368421,0.841894736842105,0.0909090909090909,0
4,946,92.48,10,1,1,0.0179704016913319,0.0977589852008457,0.588235294117647,0
5,450,13.67,5,2,0,0.0577777777777778,0.0303777777777778,0.192307692307692,0
5,1778,66.21,7,10,0,0.00506186726659168,0.0372384701912261,0.777777777777778,0
5,1461,16.45,0,9,5,0.0157426420260096,0.0112594113620808,0,0
5,1248,58.5,9,5,3,0.0240384615384615,0.046875,0.3,0
2,1646,62.93,3,5,5,0.00243013365735115,0.038232077764277,0.75,0
2,137,66.41,9,6,1,0.0510948905109489,0.484744525547445,1.28571428571429,0
2,214,14.17,0,4,3,0.0560747663551402,0.066214953271028,0,0
6,1826,42.12,4,10,5,0.00985761226725082,0.0230668127053669,0.222222222222222,0
1,901,31.16,4,9,2,0.0277469478357381,0.0345837957824639,0.16,1
1,1692,21.21,4,10,5,0.00709219858156028,0.0125354609929078,0.333333333333333,0
1,1129,87.01,7,2,3,0.00620017714791851,0.0770682019486271,1,0
5,808,52.65,10,5,3,0.0185643564356436,0.0651608910891089,0.666666666666667,0
2,119,57.6,7,1,5,0.0672268907563025,0.484033613445378,0.875,0
2,1021,6.24,1,10,2,0.0029382957884427,0.00611165523996082,0.333333333333333,0
5,94,61.31,1,3,5,0.202127659574468,0.652234042553192,0.0526315789473684,0
2,1561,76.66,4,7,2,0.00704676489429853,0.0491095451633568,0.363636363636364,0
4,1636,5.71,1,5,4,0.0134474327628362,0.00349022004889976,0.0454545454545455,0
4,517,39.77,7,5,1,0.0367504835589942,0.0769245647969052,0.368421052631579,0
2,567,94.25,9,3,2,0.0299823633156966,0.166225749559083,0.529411764705882,0
2,571,33.67,6,10,4,0.0490367775831874,0.0589667250437828,0.214285714285714,1
3,321,33.01,5,6,3,0.0747663551401869,0.102834890965732,0.208333333333333,0
2,1187,64.15,2,9,5,0.0033698399326032,0.0540438079191238,0.5,0
2,358,5.31,0,10,5,0.0335195530726257,0.0148324022346369,0,0
2,1688,52.49,3,5,5,0.004739336492891,0.031095971563981,0.375,0
5,381,68.41,4,2,0,0.0131233595800525,0.179553805774278,0.8,0
6,858,15.69,2,3,0,0.0163170163170163,0.0182867132867133,0.142857142857143,0
1,1666,93.56,6,6,4,0.0078031212484994,0.0561584633853541,0.461538461538462,0
2,618,30.94,6,8,3,0.0161812297734628,0.0500647249190939,0.6,0
5,269,35.05,3,4,5,0.0706319702602231,0.130297397769517,0.157894736842105,0
6,1107,46.63,11,8,4,0.010840108401084,0.042122854561879,0.916666666666667,0
3,471,96.93,9,3,4,0.0445859872611465,0.205796178343949,0.428571428571429,0
1,472,84.08,4,10,3,0.00423728813559322,0.178135593220339,2,0
6,426,13.15,6,10,5,0.0586854460093897,0.030868544600939,0.24,0
3,238,16.65,11,0,4,0.117647058823529,0.0699579831932773,0.392857142857143,0
5,755,48.92,2,8,0,0.033112582781457,0.064794701986755,0.08,0
1,383,66.13,1,1,0,0.0522193211488251,0.17266318537859,0.05,0
6,1210,80.37,3,0,3,0.012396694214876,0.0664214876033058,0.2,0
6,929,46.01,9,7,3,0.0247578040904198,0.0495263724434876,0.391304347826087,0
3,1731,76.79,3,2,3,0.0103986135181976,0.0443616406701329,0.166666666666667,0
3,616,38.62,1,2,2,0.0438311688311688,0.0626948051948052,0.037037037037037,0
6,1032,80.97,11,10,3,0.0290697674418605,0.0784593023255814,0.366666666666667,0
3,1536,79.94,5,9,1,0.00325520833333333,0.0520442708333333,1,0
4,160,89.67,8,5,2,0.00625,0.5604375,8,0
1,1262,40.27,3,5,3,0.0182250396196513,0.0319096671949287,0.130434782608696,1
6,573,44.11,11,3,3,0.043630017452007,0.0769808027923211,0.44,0
2,585,89.34,11,9,1,0.0136752136752137,0.152717948717949,1.375,0
3,738,7.61,7,7,3,0.032520325203252,0.0103116531165312,0.291666666666667,0
1,1122,86.21,7,0,2,0.0151515151515152,0.0768360071301248,0.411764705882353,0
6,1546,92.65,5,2,4,0.00323415265200517,0.0599288486416559,1,0
3,836,18.29,7,9,3,0.0167464114832536,0.021877990430622,0.5,0
3,1584,34.22,8,6,0,0.0132575757575758,0.0216035353535354,0.380952380952381,0
4,877,69.95,2,7,1,0.00228050171037628,0.0797605473204105,1,0
4,1292,66.07,0,9,0,0.00386996904024768,0.0511377708978328,0,0
5,1567,89.94,9,6,5,0.01914486279515,0.0573962986598596,0.3,0
4,1603,49.42,3,10,2,0.0124766063630692,0.0308296943231441,0.15,0
1,453,64.19,10,1,5,0.0132450331125828,0.141699779249448,1.66666666666667,0
1,518,70.73,6,1,0,0.0366795366795367,0.136544401544402,0.315789473684211,0
1,1533,3.12,7,1,5,0.0045662100456621,0.00203522504892368,1,0
6,1746,87.99,0,2,5,0.011454753722795,0.0503951890034364,0,0
3,9,22.6,7,2,0,2.11111111111111,2.51111111111111,0.368421052631579,0
2,949,8.38,5,10,2,0.0200210748155954,0.00883034773445732,0.263157894736842,0
1,264,89.38,4,5,0,0.0416666666666667,0.338560606060606,0.363636363636364,0
5,606,32.18,11,6,3,0.0462046204620462,0.0531023102310231,0.392857142857143,0
5,642,73.45,10,10,5,0.043613707165109,0.114408099688474,0.357142857142857,0
1,201,91.28,0,3,1,0.124378109452736,0.454129353233831,0,0
1,1540,97.98,4,5,4,0.0155844155844156,0.0636233766233766,0.166666666666667,1
2,548,70.39,5,9,3,0.0273722627737226,0.128448905109489,0.333333333333333,0
4,943,70.03,0,1,2,0.00424178154825027,0.0742629904559915,0,0
1,239,72.65,9,1,0,0.0251046025104603,0.30397489539749,1.5,0
4,1027,10.3,6,1,3,0.0262901655306719,0.0100292112950341,0.222222222222222,0
2,73,74.37,4,7,3,0.315068493150685,1.01876712328767,0.173913043478261,0
2,364,62.82,8,8,3,0.0659340659340659,0.172582417582418,0.333333333333333,0
2,1352,29.19,5,5,3,0.0177514792899408,0.0215902366863905,0.208333333333333,0
1,1485,26.27,4,6,3,0.0181818181818182,0.0176902356902357,0.148148148148148,1
4,1758,58.48,1,1,5,0.0159271899886234,0.0332650739476678,0.0357142857142857,0
3,1634,75.66,11,7,5,0.00305997552019584,0.0463035495716034,2.2,0
2,1423,53.52,0,0,2,0.0203794799718904,0.037610681658468,0,0
5,1718,48.24,1,7,5,0.00407450523864959,0.0280791618160652,0.142857142857143,0
5,1276,92.71,3,2,5,0.000783699059561128,0.0726567398119122,3,0
6,1136,90.04,1,7,0,0.000880281690140845,0.0792605633802817,1,0
3,1528,36.01,1,5,3,0.0130890052356021,0.0235667539267016,0.05,0
5,290,23.21,0,5,2,0.0206896551724138,0.0800344827586207,0,0
1,274,37.48,9,3,2,0.0802919708029197,0.136788321167883,0.409090909090909,0
1,1077,50.2,3,3,1,0.0278551532033426,0.04661095636026,0.1,1
2,767,90.66,5,4,2,0.0169491525423729,0.118200782268579,0.384615384615385,0
5,43,7.78,0,6,5,0.627906976744186,0.18093023255814,0,0
2,1607,7.72,4,10,4,0.0074673304293715,0.004803982576229,0.333333333333333,0
2,1656,87.74,8,4,1,0.000603864734299517,0.0529830917874396,8,0
3,515,51.33,8,0,3,0.0330097087378641,0.0996699029126214,0.470588235294118,0
1,1548,79.58,10,7,2,0.0122739018087855,0.0514082687338501,0.526315789473684,1
5,1154,9.8,2,9,2,0.0251299826689775,0.00849220103986135,0.0689655172413793,0
4,1799,60.27,8,8,1,0.00333518621456365,0.0335019455252918,1.33333333333333,0
5,1337,17.13,7,6,1,0.0216903515332835,0.0128122662677636,0.241379310344828,0
4,479,29.84,4,1,3,0.00208768267223382,0.0622964509394572,4,0
2,1805,13.89,9,5,0,0.00443213296398892,0.00769529085872576,1.125,0
6,163,57.22,0,0,5,0.0674846625766871,0.351042944785276,0,0
3,1496,25.76,6,1,2,0.00267379679144385,0.0172192513368984,1.5,0
4,1423,87.2,4,8,5,0.0154602951510892,0.0612789880534083,0.181818181818182,0
1,13,10.24,4,8,3,0.538461538461538,0.787692307692308,0.571428571428571,0
5,1657,84.29,6,4,5,0.00422450211225106,0.0508690404345202,0.857142857142857,0
4,86,52.68,1,5,5,0.0697674418604651,0.612558139534884,0.166666666666667,0
6,917,41.98,4,3,5,0.00763358778625954,0.0457797164667394,0.571428571428571,0
5,1593,62.74,10,3,5,0.0175768989328311,0.0393848085373509,0.357142857142857,0
5,563,21.35,10,10,5,0.00177619893428064,0.0379218472468917,10,0
4,445,46.42,6,10,3,0.0449438202247191,0.104314606741573,0.3,0
5,874,33.7,2,10,5,0.028604118993135,0.038558352402746,0.08,0
3,544,80.15,4,10,2,0.00735294117647059,0.147334558823529,1,0
6,48,46.48,2,7,2,0.291666666666667,0.968333333333333,0.142857142857143,0
5,732,83.35,0,2,3,0.0286885245901639,0.113866120218579,0,0
4,1385,70.6,4,10,5,0.0122743682310469,0.0509747292418773,0.235294117647059,0
5,1812,40.83,8,1,5,0.0022075055187638,0.0225331125827815,2,0
5,671,22.55,0,7,1,0.0327868852459016,0.0336065573770492,0,0
4,439,86.23,5,10,1,0.0592255125284738,0.196423690205011,0.192307692307692,0
1,934,94.3,3,0,2,0.0139186295503212,0.100963597430407,0.230769230769231,0
1,825,42.09,6,5,5,0.0327272727272727,0.0510181818181818,0.222222222222222,1
6,1510,41.42,1,10,3,0.0033112582781457,0.0274304635761589,0.2,0
5,194,99.76,10,7,5,0.0824742268041237,0.514226804123711,0.625,0
5,1701,88.92,2,8,1,0.00881834215167548,0.0522751322751323,0.133333333333333,0
2,1379,99.76,1,4,5,0.0101522842639594,0.0723422770123278,0.0714285714285714,0
4,304,61.72,2,0,5,0.0986842105263158,0.203026315789474,0.0666666666666667,0
5,47,32.21,9,2,1,0.595744680851064,0.68531914893617,0.321428571428571,0
6,1564,86.82,8,6,4,0.0179028132992327,0.0555115089514067,0.285714285714286,0
6,1634,42.9,2,2,3,0.011015911872705,0.0262545899632803,0.111111111111111,0
2,1015,5.44,7,10,3,0.00689655172413793,0.00535960591133005,1,0
4,739,49.75,1,8,1,0.03382949932341,0.0673207036535859,0.04,0
4,1473,48.78,3,3,3,0.00407331975560081,0.0331160896130346,0.5,0
2,1746,44.05,1,3,0,0.00171821305841924,0.0252290950744559,0.333333333333333,0
1,987,62.15,10,8,5,0.0121580547112462,0.062968591691996,0.833333333333333,0
3,263,44.97,5,6,3,0.114068441064639,0.170988593155894,0.166666666666667,0
1,1251,18.15,2,6,3,0.00559552358113509,0.0145083932853717,0.285714285714286,0
4,224,5.62,7,1,2,0.107142857142857,0.0250892857142857,0.291666666666667,0
6,1192,51.26,11,0,0,0.023489932885906,0.043003355704698,0.392857142857143,0
6,1555,92.3,4,8,0,0.0141479099678457,0.0593569131832797,0.181818181818182,0
4,1564,74.77,10,9,2,0.00895140664961637,0.047806905370844,0.714285714285714,0
4,889,61.71,1,5,4,0.00224971878515186,0.0694150731158605,0.5,0
2,617,67.96,0,0,5,0.00162074554294976,0.110145867098865,0,0
3,246,18.32,11,4,2,0.0569105691056911,0.0744715447154472,0.785714285714286,0
1,221,4.9,10,6,4,0.085972850678733,0.0221719457013575,0.526315789473684,0
4,657,97.54,6,5,0,0.0273972602739726,0.148462709284627,0.333333333333333,0
3,64,12.33,10,5,3,0.359375,0.19265625,0.434782608695652,0
2,109,29.42,2,3,1,0.238532110091743,0.269908256880734,0.0769230769230769,0
4,1794,4.14,8,1,1,0.00167224080267559,0.00230769230769231,2.66666666666667,0
3,578,60.9,6,7,4,0.0294117647058824,0.105363321799308,0.352941176470588,0
4,590,57.23,2,3,1,0.0508474576271186,0.097,0.0666666666666667,0
4,1765,15.47,10,8,5,0.00623229461756374,0.00876487252124646,0.909090909090909,0
4,368,76.2,10,7,5,0.00271739130434783,0.207065217391304,10,0
1,511,48.61,11,0,2,0.00978473581213307,0.0951272015655577,2.2,0
4,1797,21.52,6,8,2,0.00890372843628269,0.0119755147468002,0.375,0
2,1065,15.25,4,6,1,0.0150234741784038,0.0143192488262911,0.25,0
6,622,23.85,7,0,4,0.0466237942122186,0.0383440514469453,0.241379310344828,0
4,1156,80.22,6,4,0,0.023356401384083,0.0693944636678201,0.222222222222222,0
5,1017,55.61,10,10,4,0.0245821042281219,0.0546804326450344,0.4,0
2,788,91.04,1,4,1,0.0050761421319797,0.115532994923858,0.25,0
1,872,41.86,3,10,4,0.0252293577981651,0.0480045871559633,0.136363636363636,0
5,983,59.64,5,9,2,0.0213631739572737,0.0606714140386572,0.238095238095238,0
3,1137,76.37,11,3,1,0.0149516270888303,0.0671679859278804,0.647058823529412,0
4,988,70.36,7,10,1,0.0101214574898785,0.0712145748987854,0.7,0
5,999,53.77,2,8,1,0.021021021021021,0.0538238238238238,0.0952380952380952,0
5,1102,91.99,0,3,1,0.0254083484573503,0.083475499092559,0,0
1,1295,45.66,5,7,4,0.00308880308880309,0.0352586872586873,1.25,0
2,9,40.13,7,2,0,1,4.45888888888889,0.777777777777778,0
5,989,22.97,10,0,3,0.0121334681496461,0.0232254802831143,0.833333333333333,0
5,400,62.54,2,9,1,0.0625,0.15635,0.08,0
3,1724,39.12,2,1,1,0.00290023201856148,0.0226914153132251,0.4,0
2,910,37.98,4,5,3,0.0274725274725275,0.0417362637362637,0.16,0
5,433,55.92,4,6,0,0.0069284064665127,0.129145496535797,1.33333333333333,0
3,566,40.21,8,0,5,0.0265017667844523,0.0710424028268551,0.533333333333333,0
3,592,64.42,8,3,5,0.0219594594594595,0.108817567567568,0.615384615384615,0
3,1369,25.08,8,10,2,0.0197224251278305,0.0183199415631848,0.296296296296296,0
3,786,30.86,8,6,3,0.00254452926208651,0.0392620865139949,4,0
2,454,63.78,11,5,0,0.0308370044052863,0.140484581497797,0.785714285714286,0
6,1605,8.4,3,0,2,0.00249221183800623,0.00523364485981308,0.75,0
3,360,36.84,9,3,4,0.0277777777777778,0.102333333333333,0.9,0
1,37,41.8,6,3,1,0.027027027027027,1.12972972972973,6,0
2,858,78.36,3,3,1,0.0174825174825175,0.0913286713286713,0.2,0
3,1493,93.07,11,7,5,0.00669792364367046,0.062337575351641,1.1,0
5,1244,49.41,2,1,3,0.0168810289389068,0.0397186495176849,0.0952380952380952,0
2,939,42.53,8,1,5,0.00638977635782748,0.0452928647497338,1.33333333333333,0
2,374,51.06,6,2,2,0.0240641711229947,0.136524064171123,0.666666666666667,0
5,531,88.33,11,7,5,0.0338983050847458,0.166346516007533,0.611111111111111,0
6,1352,33.23,2,6,2,0.0170118343195266,0.0245784023668639,0.0869565217391304,0
6,1831,60.66,10,4,0,0.00873839432004369,0.0331294374658656,0.625,0
5,617,35.46,8,4,5,0.00648298217179903,0.0574716369529984,2,0
5,521,78.7,11,10,5,0.0134357005758157,0.1510556621881,1.57142857142857,0
3,937,36.43,2,4,0,0.0149413020277481,0.0388794023479189,0.142857142857143,0
5,171,75.29,5,1,4,0.0935672514619883,0.440292397660819,0.3125,0
3,1425,82.7,8,1,3,0.0210526315789474,0.0580350877192982,0.266666666666667,0
2,762,84.22,4,9,1,0.00918635170603675,0.110524934383202,0.571428571428571,0
3,1353,17.55,6,1,5,0.0118255728011826,0.0129711751662971,0.375,0
5,1752,20.51,6,10,2,0.0091324200913242,0.0117066210045662,0.375,0
1,929,10.95,7,8,4,0.00215285252960172,0.0117868675995694,3.5,0
5,1044,56.8,1,8,2,0.00862068965517241,0.0544061302681992,0.111111111111111,0
5,905,74.66,4,0,0,0.0176795580110497,0.0824972375690608,0.25,0
1,1603,87.36,8,10,2,0.0180910792264504,0.0544978165938865,0.275862068965517,1
2,1678,84.32,3,0,1,0.0131108462455304,0.0502502979737783,0.136363636363636,0
1,157,71.51,0,6,1,0.0764331210191083,0.455477707006369,0,0
1,300,57.97,1,9,1,0.09,0.193233333333333,0.037037037037037,1
3,58,88.92,3,8,2,0.327586206896552,1.53310344827586,0.157894736842105,0
3,411,60.25,8,6,5,0.0145985401459854,0.146593673965937,1.33333333333333,0
2,274,17.49,7,10,0,0.0218978102189781,0.0638321167883212,1.16666666666667,0
2,443,83.91,0,10,0,0.0383747178329571,0.18941309255079,0,0
1,1009,31.03,3,7,3,0.0287413280475719,0.0307532210109019,0.103448275862069,1
6,1763,30.98,0,5,5,0.0124787294384572,0.0175723199092456,0,0
2,514,21.55,6,3,4,0.00194552529182879,0.0419260700389105,6,0
3,1397,34.51,7,9,2,0.00858983536148891,0.0247029348604152,0.583333333333333,0
6,1377,3.25,7,1,2,0.0108932461873638,0.0023602033405955,0.466666666666667,0
1,1180,34.29,6,9,1,0.0101694915254237,0.0290593220338983,0.5,0
3,1050,29.28,5,3,4,0.00380952380952381,0.0278857142857143,1.25,0
2,347,46.21,0,2,4,0.0778097982708934,0.133170028818444,0,0
3,1530,92.15,5,2,2,0.00849673202614379,0.0602287581699346,0.384615384615385,0
4,1466,19.16,6,2,0,0.0190995907230559,0.0130695770804911,0.214285714285714,0
1,1338,86.13,8,3,5,0.0224215246636771,0.064372197309417,0.266666666666667,1
6,1336,63.49,6,9,4,0.00149700598802395,0.0475224550898204,3,0
5,709,47.16,7,9,2,0.0126939351198872,0.0665162200282088,0.777777777777778,0
1,660,6.06,3,7,1,0.0272727272727273,0.00918181818181818,0.166666666666667,0
2,1749,44.45,3,0,3,0.0148656375071469,0.0254145225843339,0.115384615384615,0
6,1436,23.29,3,3,5,0.0181058495821727,0.0162186629526462,0.115384615384615,0
4,1350,50.16,5,7,1,0.00592592592592593,0.0371555555555556,0.625,0
3,329,42.32,7,6,5,0.088145896656535,0.128632218844985,0.241379310344828,0
4,570,86.95,2,10,3,0.00175438596491228,0.152543859649123,2,0
3,663,81.29,10,2,1,0.0346907993966818,0.122609351432881,0.434782608695652,0
3,1488,31.77,4,9,2,0.0201612903225806,0.0213508064516129,0.133333333333333,0
2,772,10.02,9,3,5,0.0259067357512953,0.012979274611399,0.45,0
1,1717,26.33,2,4,4,0.0046592894583576,0.0153348864298195,0.25,0
1,214,87.58,6,1,5,0.014018691588785,0.409252336448598,2,0
2,945,74.81,0,10,3,0.00952380952380952,0.0791640211640212,0,0
3,689,76.55,6,1,1,0.0217706821480406,0.111103047895501,0.4,0
4,1238,17.79,8,0,0,0.0153473344103393,0.0143699515347334,0.421052631578947,0
3,343,87.23,11,4,4,0.0728862973760933,0.254314868804665,0.44,0
5,726,48.3,1,10,4,0.0192837465564738,0.0665289256198347,0.0714285714285714,0
1,578,27.34,10,6,1,0.0519031141868512,0.0473010380622837,0.333333333333333,1
6,911,82.58,4,9,5,0.0142700329308452,0.0906476399560922,0.307692307692308,0
3,1174,36.22,9,1,4,0.00851788756388416,0.0308517887563884,0.9,0
5,754,6.84,0,8,5,0.0397877984084881,0.00907161803713528,0,0
4,545,71.55,10,3,5,0.0532110091743119,0.131284403669725,0.344827586206897,0
2,1588,58.63,9,2,0,0.0138539042821159,0.0369206549118388,0.409090909090909,0
3,1049,60.81,5,1,5,0.0181124880838894,0.0579694947569113,0.263157894736842,0
5,258,42.48,8,3,3,0.0193798449612403,0.164651162790698,1.6,0
5,1410,7.64,6,3,3,0.00567375886524823,0.00541843971631206,0.75,0
5,1825,61.79,10,2,4,0.000547945205479452,0.0338575342465753,10,0
2,1510,83.44,1,2,2,0.00132450331125828,0.0552582781456954,0.5,0
5,855,43.87,3,0,0,0.0339181286549708,0.0513099415204678,0.103448275862069,0
4,9,73.77,4,3,3,1.33333333333333,8.19666666666667,0.333333333333333,0
2,822,55.56,7,5,2,0.0316301703163017,0.0675912408759124,0.269230769230769,0
1,486,46.5,4,1,3,0.037037037037037,0.095679012345679,0.222222222222222,0
1,1266,11.09,0,0,4,0.0181674565560821,0.00875987361769352,0,0
6,1246,80.08,8,6,2,0.00240770465489567,0.0642696629213483,2.66666666666667,0
4,1260,49.5,10,5,5,0.00158730158730159,0.0392857142857143,5,0
3,21,51.08,0,1,2,0.19047619047619,2.43238095238095,0,0
5,942,16.19,9,3,1,0.00212314225053079,0.0171868365180467,4.5,0
5,1051,98.8,5,7,3,0.00951474785918173,0.0940057088487155,0.5,0
3,791,66.37,2,1,5,0.0214917825537295,0.0839064475347661,0.117647058823529,0
3,1784,8.08,11,6,0,0.0162556053811659,0.00452914798206278,0.379310344827586,0
1,777,15.53,9,7,1,0.0231660231660232,0.01998712998713,0.5,0
3,1588,5.97,11,7,2,0.0119647355163728,0.00375944584382872,0.578947368421053,0
1,29,8.35,9,10,0,0.206896551724138,0.287931034482759,1.5,0
2,1221,52.94,10,5,3,0.00163800163800164,0.0433579033579034,5,0
5,32,63.99,8,8,0,0.28125,1.9996875,0.888888888888889,0
4,1177,33.67,0,10,2,0.00764655904842821,0.028606627017842,0,0
2,378,70.18,1,0,2,0.0211640211640212,0.185661375661376,0.125,0
2,61,31.49,10,1,5,0.180327868852459,0.516229508196721,0.909090909090909,0
1,653,56.89,9,2,2,0.0367534456355283,0.0871209800918836,0.375,0
1,705,35.11,10,10,3,0.00141843971631206,0.0498014184397163,10,0
4,1015,57.97,2,4,2,0.0147783251231527,0.0571133004926108,0.133333333333333,0
1,1612,31.34,2,4,3,0.0086848635235732,0.0194416873449132,0.142857142857143,0
2,1194,89.82,10,7,3,0.0201005025125628,0.0752261306532663,0.416666666666667,0
5,276,98.07,11,2,1,0.101449275362319,0.355326086956522,0.392857142857143,0
2,1754,37.07,9,1,2,0.00741163055872292,0.0211345496009122,0.692307692307692,0
4,246,14.42,11,9,3,0.024390243902439,0.0586178861788618,1.83333333333333,0
4,1507,64.41,0,1,4,0.0192435301924353,0.0427405441274054,0,0
2,59,34.06,5,10,4,0.338983050847458,0.57728813559322,0.25,0
2,1014,24.1,8,10,0,0.00394477317554241,0.023767258382643,2,0
2,1135,43.08,11,2,3,0.0114537444933921,0.0379559471365639,0.846153846153846,0
6,1153,26.74,6,3,1,0.0164787510841284,0.0231916738941891,0.315789473684211,0
5,183,37.97,6,2,0,0.158469945355191,0.207486338797814,0.206896551724138,0
3,603,96.11,10,7,0,0.0149253731343284,0.1593864013267,1.11111111111111,0
1,236,72.36,2,3,2,0.0593220338983051,0.306610169491525,0.142857142857143,0
1,1414,59.27,6,5,4,0.0127298444130127,0.0419165487977369,0.333333333333333,0
2,224,67.69,0,9,5,0.116071428571429,0.3021875,0,0
4,1601,63.76,8,5,4,0.00749531542785759,0.0398251093066833,0.666666666666667,0
5,1603,20.08,2,5,4,0.00623830318153462,0.0125265127885215,0.2,0
2,279,1.9,1,4,5,0.043010752688172,0.00681003584229391,0.0833333333333333,0
6,1080,69.71,2,10,1,0.0212962962962963,0.0645462962962963,0.0869565217391304,0
6,821,79.78,6,4,5,0.00121802679658952,0.0971741778319123,6,0
5,132,42.07,1,5,5,0.151515151515152,0.318712121212121,0.05,0
4,867,7.01,8,8,4,0.0219146482122261,0.00808535178777393,0.421052631578947,0
4,1335,12.99,4,5,4,0.00599250936329588,0.00973033707865169,0.5,0
5,898,96.88,11,7,1,0.0111358574610245,0.107884187082405,1.1,0
6,299,10.02,0,7,5,0.020066889632107,0.0335117056856187,0,0
1,1244,57.08,4,10,0,0.00241157556270096,0.0458842443729904,1.33333333333333,0
1,256,61.87,4,3,1,0.07421875,0.2416796875,0.210526315789474,0
4,679,79.95,9,4,0,0.0191458026509573,0.117746686303387,0.692307692307692,0
6,1316,14.22,5,10,3,0.0159574468085106,0.0108054711246201,0.238095238095238,0
2,1303,37.6,3,10,2,0.0153491941673062,0.0288564850345357,0.15,0
1,164,51.79,4,9,5,0.0426829268292683,0.315792682926829,0.571428571428571,0
2,131,33.74,11,5,4,0.099236641221374,0.257557251908397,0.846153846153846,0
1,849,54.97,2,7,5,0.00588928150765607,0.0647467608951708,0.4,0
3,1803,25.56,8,6,1,0.00332778702163062,0.0141763727121464,1.33333333333333,0
6,683,35.22,11,5,5,0.0102489019033675,0.0515666178623719,1.57142857142857,0
3,1364,23.4,6,10,1,0.00586510263929619,0.0171554252199414,0.75,0
2,420,12.45,11,8,5,0.0285714285714286,0.0296428571428571,0.916666666666667,0
6,421,93.15,3,9,4,0.0593824228028504,0.22125890736342,0.12,0
1,422,55.55,5,8,4,0.0497630331753555,0.131635071090047,0.238095238095238,0
6,569,60.21,2,10,2,0.0474516695957821,0.105817223198594,0.0740740740740741,0
4,1722,28.98,2,8,0,0.0104529616724739,0.0168292682926829,0.111111111111111,0
5,992,8.43,10,0,0,0.0151209677419355,0.00849798387096774,0.666666666666667,0
2,216,21.97,1,5,4,0.0277777777777778,0.101712962962963,0.166666666666667,0
5,934,57.43,5,1,0,0.0235546038543897,0.0614882226980728,0.227272727272727,0
2,1639,81.7,4,7,0,0.00793166564978645,0.0498474679682733,0.307692307692308,0
5,1676,78.04,9,2,5,0.00178997613365155,0.046563245823389,3,0
5,999,99.68,0,9,1,0.019019019019019,0.0997797797797798,0,0
